date,retweet_num_AAPL,retweet_num_AMZN,retweet_num_GOOG,retweet_num_GOOGL,retweet_num_MSFT,retweet_num_TSLA,lag_close_value_AAPL,lag_close_value_AMZN,lag_close_value_GOOG,lag_close_value_GOOGL,lag_close_value_MSFT,lag_close_value_TSLA
2019-01-01,163,208,8,45,74,744,0.0,0.0,0.0,0.0,0.0,0.0
2019-01-02,9,260,16,50,40,1247,0.0034954047730946323,0.09282724223791045,0.03648738209216453,0.03512596055494951,-0.017851508225624275,-0.16592932810649058
2019-01-03,5215,405,55,153,94,1501,-0.30545953933769515,-0.09704893328694364,-0.10614835083257608,-0.10555857076235324,-0.1475724679984977,-0.07140521350614401
2019-01-04,1396,337,16,57,89,963,0.11787281651492745,0.1876279376880907,0.19473002259148373,0.19008493057513742,0.1797051828046223,0.12678815062105284
2019-01-05,294,137,39,42,11,794,0.0,0.0,0.0,0.0,0.0,0.0
2019-01-06,211,142,12,25,15,804,0.0,0.0,0.0,0.0,0.0,0.0
2019-01-07,233,393,29,125,74,1285,-0.006408242084007286,0.1351940352506914,-0.008266672505255793,-0.00776963119270951,0.005157102376291407,0.12634918414458063
2019-01-08,558,409,47,132,80,1055,0.05476134144515568,0.06762199804575415,0.02811381295968489,0.03415023942842238,0.02935581352658268,0.0028532820970695975
2019-01-09,1448,1239,30,75,37,1015,0.04971242343957412,0.007094439396008574,-0.005772417870049073,-0.01344326885436263,0.05831492687037406,0.023265223253026084
2019-01-10,473,464,79,273,49,1116,0.00951526854898115,-0.00799373453071359,-0.01542874652920683,-0.010190865099276037,-0.026578912247041328,0.04711573514134956
2019-01-11,348,424,54,104,59,1157,-0.029322562263186643,-0.03911933835967928,-0.04682072272373407,-0.051893908803402264,-0.03173601462333273,0.016753887185355257
2019-01-12,294,282,49,205,12,1655,0.0,0.0,0.0,0.0,0.0,0.0
2019-01-13,127,172,27,62,44,624,0.0,0.0,0.0,0.0,0.0,0.0
2019-01-14,224,181,22,36,38,1161,-0.04446931627993134,-0.05832928165379967,-0.044540261342974244,-0.04683461407326601,-0.029752513709374543,-0.09408514812387436
2019-01-15,349,302,70,51,140,913,0.059616070296676586,0.14326271104263036,0.11566215065543564,0.12648236825341866,0.11742325410633185,0.07338056265026918
2019-01-16,347,400,223,104,125,826,0.03631337180937646,0.02303194761661827,0.013611503866412702,0.010841345850293027,0.014677906763291058,0.011852094864749356
2019-01-17,258,28,23,82,131,894,0.01786540217359724,0.023581516865604894,0.031819562703421025,0.0347284445404383,0.029355813526583244,0.009218296005916074
2019-01-18,194,329,136,76,124,2285,0.01864215878983988,0.007444165281726971,0.029788526786180818,0.02956073635179922,0.0630753290638736,-0.32959066275120813
2019-01-19,206,181,16,108,40,1134,0.0,0.0,0.0,0.0,0.0,0.0
2019-01-20,87,68,45,34,32,665,0.0,0.0,0.0,0.0,0.0,0.0
2019-01-21,102,57,20,18,41,826,0.0,0.0,0.0,0.0,0.0,0.0
2019-01-22,234,140,58,59,74,1033,-0.068354582229414,-0.1599496318754949,-0.09884374797232848,-0.1036071285092998,-0.08053013710670658,-0.02443580052361879
2019-01-23,246,294,29,83,102,1504,0.012039727551771382,0.01960963002065627,0.017994265582561432,0.020887659671564467,0.04086011882754052,-0.08289150297383353
2019-01-24,210,250,66,49,160,1248,-0.023691076795421998,0.037245806829043306,-0.005950578915420808,-0.0014816505995403429,-0.02023170932237433,0.028679143129517
2019-01-25,252,122,22,33,80,767,0.09825971195478317,0.039069377518861796,0.060895445308114096,0.06327732194621027,0.038479917730791034,0.04045807691485439
2019-01-26,797,744,46,62,674,1676,0.0,0.0,0.0,0.0,0.0,0.0
2019-01-27,186,150,25,19,115,380,0.0,0.0,0.0,0.0,0.0,0.0
2019-01-28,423,203,26,39,177,1122,-0.02835161649288169,-0.08163601389491097,-0.0745069491745276,-0.078238379219615,-0.0829103382034572,-0.004828631241194352
2019-01-29,104,230,23,16,108,1092,-0.031458642957855554,-0.10993883021771876,-0.03370806978436304,-0.03541506311095706,-0.0848938391174154,0.007901396576499433
2019-01-30,3042,328,35,38,317,1444,0.20525793584230376,0.19122511822691132,0.1013380026075352,0.10093292986622832,0.13646486288033116,0.08274518081500919
2019-01-31,247,64,42,213,897,2843,0.023108509333239467,0.12065543057295643,0.09731156298212994,0.10082451640772548,-0.07735653564437336,-0.01280318889710575
2019-02-01,688,794,63,432,239,1265,0.0015535132324869326,-0.23106888877843643,-0.02002530149980083,-0.02627219477721086,-0.06545553016062422,0.03797060021484504
2019-02-02,120,181,57,471,51,837,0.0,0.0,0.0,0.0,0.0,0.0
2019-02-03,100,106,20,121,41,937,0.0,0.0,0.0,0.0,0.0,0.0
2019-02-04,251,168,87,359,81,1527,0.09185146987077533,0.017686137649203387,0.07856902100900641,0.08239422846222766,0.11742325410633128,0.004974953400018285
2019-02-05,419,240,303,1109,321,1087,0.05689742213982514,0.06370007204162302,0.04699888376910662,0.03776402137852006,0.058711627053165925,0.06189427318258007
2019-02-06,293,158,69,95,101,1006,0.0011651349243650615,-0.04633867985772957,-0.10960467511279098,-0.10472740091382989,-0.04720732175220752,-0.03021552579716954
2019-02-07,286,318,69,144,262,942,-0.06408242084007618,-0.06467430843755397,-0.05886440939087469,-0.0613620175126586,-0.030149213892166408,-0.07103940810908417
2019-02-08,247,417,61,41,173,785,-0.010292025165224341,-0.06532379936817385,-0.013005756312148804,-0.012756650283844697,0.01586800731166665,-0.01251054457945747
2019-02-09,59,68,43,34,51,580,0.0,0.0,0.0,0.0,0.0,0.0
2019-02-10,135,57,4,28,43,587,0.0,0.0,0.0,0.0,0.0,0.0
2019-02-11,240,247,37,69,125,1260,-0.01903053709796175,0.006944556873557265,-0.00017816104537173494,-0.0009395833070261846,-0.01666140767724981,0.05150539990607087
2019-02-12,316,343,49,88,180,883,0.02835161649288169,0.11743295634026264,0.09392650312006373,0.09200688844948696,0.06505882997783236,-0.007535591179439185
2019-02-13,405,183,80,217,127,1031,-0.013787429938318973,0.004971103661287466,-0.004311497297999226,0.0037944710476032167,-0.003173601462333217,-0.026630632905979862
2019-02-14,237,1502,68,61,156,1119,0.012039727551771934,-0.0433410294087119,0.005380463570231257,0.002059855711555445,0.0035703016451250806,-0.03219087494129471
2019-02-15,374,236,81,72,229,552,-0.00737918785431224,-0.03672121800046515,-0.028577031677652208,-0.03458389326243453,0.052364424128498926,0.030069203638345605
2019-02-16,151,248,62,33,20,548,0.0,0.0,0.0,0.0,0.0,0.0
2019-02-17,74,232,10,32,35,620,0.0,0.0,0.0,0.0,0.0,0.0
2019-02-18,85,119,13,49,46,647,0.0,0.0,0.0,0.0,0.0,0.0
2019-02-19,201,206,90,48,204,1019,0.009903646857103023,0.04903656526184519,0.017495414655519764,0.024862819816671582,-0.0019835009139581904,-0.016388081788295428
2019-02-20,364,680,28,112,380,1982,0.021360806946691874,-0.013689270383846874,-0.01696093151940456,-0.021393589144578503,-0.04046341864474922,-0.022533612458906005
2019-02-21,458,278,89,90,249,1345,-0.018836347943901093,-0.006644791828655214,-0.05996900787218026,-0.0591937483425995,0.08965424131091493,-0.08289150297383312
2019-02-22,200,225,33,25,136,1137,0.03709012842561965,0.03027626953507702,0.0477471601596679,0.044630207083705964,0.061885228515499144,0.02546005563538715
2019-02-23,83,127,24,40,22,648,0.0,0.0,0.0,0.0,0.0,0.0
2019-02-24,174,142,9,109,111,587,0.0,0.0,0.0,0.0,0.0,0.0
2019-02-25,267,223,23,50,194,289,0.024467833411665186,0.003597180538821201,-0.0034563242802140882,0.0027826121015751444,0.02459541133308314,0.02970339824128536
2019-02-26,165,60,48,66,180,2351,0.0019418915406088037,0.008493342938883297,0.020417255799619456,0.01691249952645735,0.030545914074957707,-0.006657658226494757
2019-02-27,223,202,57,85,144,1302,0.010486214319285002,0.011715817171576508,0.003278163234842353,0.0031801281160863492,-0.0075373034730414614,0.12349590204751143
2019-02-28,268,187,64,66,121,1303,-0.03340053449846381,-0.0031475329714684085,0.013789664911785246,0.013226441937356967,-0.005553802559083271,0.03760479481778479
2019-03-01,98,394,27,79,136,5380,0.03534242603907206,0.0796875411030502,0.07507706451971716,0.07939478944364603,0.01983500913958303,-0.18356114824479028
2019-03-02,132,216,24,102,30,1665,0.0,0.0,0.0,0.0,0.0,0.0
2019-03-03,49,77,19,24,32,1170,0.0,0.0,0.0,0.0,0.0,0.0
2019-03-04,352,427,122,97,156,2555,0.0170886455573535,0.06105214747832431,0.024265534379652173,0.01770753155547894,-0.010710904935374679,-0.06899089788554703
2019-03-05,194,308,83,150,114,2203,-0.006214052929946626,-0.009342677232771398,0.05070463351284194,0.05698934135304028,-0.022215210236333084,-0.06452807204141293
2019-03-06,273,386,47,63,160,1743,-0.01961310456014428,-0.05865402711911018,-0.014858631184016466,-0.015358573287915123,0.0019835009139581904,-0.002194832382361069
2019-03-07,330,325,90,56,227,2003,-0.03922620912028912,-0.10741580775646234,-0.0518804964122962,-0.05091818767687678,-0.05395122485966582,0.002560637779420901
2019-03-08,249,199,65,86,191,1610,0.007961755316494219,-0.012864916510367228,-0.0034919564892892455,-0.0031801281160855274,0.004760402193500108,0.055236614956084895
2019-03-09,143,105,31,68,35,1716,0.0,0.0,0.0,0.0,0.0,0.0
2019-03-10,93,107,10,38,18,1179,0.0,0.0,0.0,0.0,0.0,0.0
2019-03-11,436,28,46,180,161,1428,0.11631930328244107,0.12445245447504528,0.1191541071447249,0.10584767331836079,0.092034442407665,0.0496032118413585
2019-03-12,458,177,59,125,104,465,0.039032019966227904,0.006195144261302989,0.06214257262571786,0.06501193728225722,0.03133931444054144,-0.05530977603549686
2019-03-13,336,210,18,100,161,2129,0.015535132324867118,0.04424032454341749,0.00042758650889216385,0.006540945329676596,0.03490961608566595,0.04097020447073815
2019-03-14,302,226,82,92,154,1700,0.03922620912028856,-0.011466012967491938,-0.027686226450792724,-0.023597996134137725,0.0035703016451250806,0.007316107941203286
2019-03-15,487,290,83,77,189,2978,0.046411207820540146,0.06529881894776539,-0.003883910789107062,-0.008058733748717883,0.052364424128498926,-0.10630304838568355
2019-03-16,466,284,51,67,27,1177,0.0,0.0,0.0,0.0,0.0,0.0
2019-03-17,119,37,4,26,16,1187,0.0,0.0,0.0,0.0,0.0,0.0
2019-03-18,340,300,40,70,118,1198,0.03689593927155899,0.07441667239686124,-0.00071264418148775,-0.006324118412670932,0.06585223034341553,-0.043457681170747504
2019-03-19,216,398,101,113,101,2242,-0.028934183955064773,0.04921142820470439,0.05198739303951924,0.05026770692585897,0.003173601462333781,-0.014778538041230504
2019-03-20,223,231,93,354,166,2097,0.03165283211191622,0.08848064908683498,0.08950810919484146,0.08662235334384139,-0.005157102376291971,0.04484774167957611
2019-03-21,670,324,35,273,186,1793,0.13457308376415963,0.054931944478246696,0.026973582269304974,0.03505368491594762,0.10710904935374847,0.003072765335305081
2019-03-22,388,203,30,159,91,1314,-0.07845241824057768,-0.13611831080580544,-0.09278627242968382,-0.10292050993878187,-0.12575395794495647,-0.06942986436201926
2019-03-23,159,137,40,71,40,1041,0.0,0.0,0.0,0.0,0.0,0.0
2019-03-24,262,159,5,107,119,794,0.0,0.0,0.0,0.0,0.0,0.0
2019-03-25,460,224,50,58,80,1604,-0.04485769458805321,0.023706418967647178,-0.044540261342974244,-0.037113540627503064,0.024198711150291274,-0.03006920363834519
2019-03-26,782,78,83,76,86,1939,-0.03786688504186339,0.023731399388055633,-0.02985979120433032,-0.027247915903737166,0.009917504569791515,0.053773393367843904
2019-03-27,384,136,59,172,107,2113,0.032623777882220616,-0.04511463925771405,-0.041333362526279775,-0.04275104046965524,-0.04522382083824933,0.05165172206489522
2019-03-28,301,214,31,92,89,2271,0.004854728851520905,0.01928488455534633,-0.01614139071069377,-0.02074310839356069,0.006347202924666998,0.027728049097160604
2019-03-29,208,154,42,49,78,1066,0.023885265949482655,0.018310648159415376,0.017174724773850642,0.01669567260945169,0.04006671846195736,0.009071973847092142
2019-03-30,117,245,38,213,36,305,0.0,0.0,0.0,0.0,0.0,0.0
2019-03-31,219,79,15,59,37,989,0.0,0.0,0.0,0.0,0.0,0.0
2019-04-01,259,227,46,91,94,1269,0.02505040087384827,0.08353452584595597,0.0752552255650897,0.07982844327765737,0.04284361974149928,0.06818612601201458
2019-04-02,231,259,62,74,73,1108,0.05398458482891249,-0.0005245888285781628,0.021593118699073717,0.023706409592640556,0.006743903107458297,-0.024143156205970927
2019-04-03,289,138,42,65,54,1770,0.02582715749009091,0.016786842514498367,0.01934828952738824,0.019044630877014686,0.030942614257749572,0.04338452009133554
2019-04-04,265,248,36,37,136,3193,0.006602431238068498,-0.004596397355160612,0.03235404583953623,0.03122307604884428,-0.024198711150291274,-0.1758060738271152
2019-04-05,215,156,31,35,54,2376,0.025438779181969587,0.04601393439241963,-0.0279712841233875,-0.028910255600781407,0.021025109687958055,0.05252965501783964
2019-04-06,72,77,29,73,16,1924,0.0,0.0,0.0,0.0,0.0,0.0
2019-04-07,102,91,32,33,50,1032,0.0,0.0,0.0,0.0,0.0,0.0
2019-04-08,366,238,23,42,39,1830,0.060198637758859114,0.031425368873867175,-0.011794261203620196,-0.011455688781809895,0.0015868007311668905,-0.012876349976517718
2019-04-09,405,227,81,41,68,1493,-0.011651349243650062,-0.03502254941268838,-0.023481625780015728,-0.020201041101045713,-0.025785511881458164,-0.006511336067670825
2019-04-10,264,141,41,79,72,1134,0.021749185254813744,0.0287025030493431,0.017495414655520573,0.013587820132367229,0.036099716634040976,0.027435404779512323
2019-04-11,275,360,40,52,83,1702,-0.03242958872815996,-0.008143617053164331,0.00876552343229665,0.011347275323306242,0.005553802559083271,-0.055895064670793006
2019-04-12,243,214,67,32,43,1892,-0.0015535132324863807,-0.0025230224612564182,0.047212677023552696,0.04748509482428382,0.02459541133308314,-0.005267597717666566
2019-04-13,74,128,13,36,128,993,0.0,0.0,0.0,0.0,0.0,0.0
2019-04-14,41,34,9,15,28,1407,0.0,0.0,0.0,0.0,0.0,0.0
2019-04-15,261,190,49,69,54,1265,0.006990809546189817,0.0045214560939346735,0.011509203531024609,0.013732371410371003,0.003967001827916381,-0.009657262482388287
2019-04-16,68,150,50,48,43,1291,0.0003883783081218711,0.04538942388220764,0.02148622207185149,0.019442146891525888,-0.011107605118166542,0.05106643342959907
2019-04-17,535,187,37,61,116,496,0.07534539177560437,0.004446514832709303,0.032817264557502744,0.029741425449303936,0.03967001827916606,-0.015583309914762967
2019-04-18,182,117,37,35,79,1253,0.014175808246441397,-0.007818871587853824,0.00010689662722304096,0.004806329993629646,0.06347202924666603,0.014851699120642471
2019-04-19,102,90,7,40,121,595,0.0,0.0,0.0,0.0,0.0,0.0
2019-04-20,104,211,36,73,212,1083,0.0,0.0,0.0,0.0,0.0,0.0
2019-04-21,42,74,6,10,23,1924,0.0,0.0,0.0,0.0,0.0,0.0
2019-04-22,228,152,25,89,125,3068,0.013010673322075783,0.0639998370865245,0.044433364715751204,0.0444133801667003,0.015471307128874786,-0.07689229446204647
2019-04-23,222,259,116,99,103,2881,0.05728580044794646,0.09107861280931677,0.055978200455850155,0.06081995022014362,0.06664563070899869,0.008413524132383613
2019-04-24,434,287,36,140,961,2371,-0.006214052929946626,-0.055006885739472065,-0.03046553875859422,-0.03808926175402937,-0.01705810786004111,-0.03833640561190487
2019-04-25,386,22,32,133,1749,5864,-0.03650756096343712,0.0012490210204239808,0.026545995760412812,0.026344470416211924,0.16423387567574751,-0.08069667059147247
2019-04-26,203,152,88,60,106,2786,-0.01903053709796175,0.12085527393622464,0.031106918521933275,0.03642692205698513,0.029355813526582116,-0.09137818818562911
2019-04-27,498,167,16,351,36,1083,0.0,0.0,0.0,0.0,0.0,0.0
2019-04-28,123,103,11,93,19,730,0.0,0.0,0.0,0.0,0.0,0.0
2019-04-29,310,230,198,593,227,2051,0.006019863775885967,-0.03047611289834524,0.05487360197454378,0.06786682502283425,-0.00476040219349898,0.04631096326781689
2019-04-30,1331,665,447,955,80,614,-0.07651052669996998,-0.029751680706499424,-0.35311519192709945,-0.35140415682749804,0.032926115171707196,-0.020338780076545143
2019-05-01,1663,213,141,108,246,3245,0.19127631674992412,-0.03747063061271942,-0.07268970651173429,-0.09265736920050477,-0.10790244971933163,-0.03423938516483143
2019-05-02,582,170,62,123,151,2721,-0.02660391410633465,-0.0267290498370733,-0.019490818363685627,-0.024609855080164975,-0.06624893052620738,0.07381952912674118
2019-05-03,312,540,26,73,73,2807,0.050489180055817304,0.15397931139786858,0.08120580448051132,0.08326153613025032,0.10671234917095718,0.07996505979735197
2019-05-04,168,582,23,112,55,1068,0.0,0.0,0.0,0.0,0.0,0.0
2019-05-05,94,93,17,41,12,622,0.0,0.0,0.0,0.0,0.0,0.0
2019-05-06,233,214,35,84,120,904,-0.06349985337789364,-0.029751680706499424,0.014217251420677412,0.014129887424882208,-0.029752513709374543,0.0022679934617730354
2019-05-07,207,285,24,99,98,980,-0.10913430458218949,-0.07381714230705715,-0.054481647674726776,-0.05276121647142656,-0.10433214807420713,-0.060577373753163216
2019-05-08,264,162,25,106,62,1146,0.0007767566162431903,-0.008068675791938961,-0.027900019705238806,-0.02919935815678896,-0.0003967001827912998,-0.016241759629471286
2019-05-09,167,158,45,126,49,804,-0.042333235585262426,-0.044714952531178735,-0.01386092932993313,-0.010154727279774272,-0.00039670018279186356,-0.0209240687118415
2019-05-10,245,192,30,125,49,1155,-0.06874296053753587,-0.02470563578398602,0.006734487515057252,-0.00119254804353197,0.06466212979504049,-0.017997625535359933
2019-05-11,235,94,65,201,97,651,0.0,0.0,0.0,0.0,0.0,0.0
2019-05-12,59,93,7,193,11,466,0.0,0.0,0.0,0.0,0.0,0.0
2019-05-13,338,332,20,75,62,911,-0.22254077055371846,-0.1681182293490677,-0.1148782420557992,-0.11220792955053349,-0.14995266909524774,-0.09152451034445325
2019-05-14,311,268,46,95,108,1150,0.057091611293885805,0.04356585319238802,-0.041297730317205426,-0.0423896622746458,0.054744625225249546,0.0387753720883775
2019-05-15,214,282,41,101,62,1482,0.04388674881774881,0.07751424452751274,0.15596217911855856,0.16601714278748742,0.0511743235801239,-0.002633798858833283
2019-05-16,237,274,46,85,117,1342,-0.016311888941109756,0.09097869112768237,0.0526287728028583,0.04950881271633832,0.11543975319237366,-0.02648431074715572
2019-05-17,194,150,16,82,95,2039,-0.020972428638570555,-0.09634948151550571,-0.05943452473606506,-0.05680865225553556,-0.03411621572008335,-0.12656866738281694
2019-05-18,244,58,16,25,185,993,0.0,0.0,0.0,0.0,0.0,0.0
2019-05-19,90,58,11,40,41,656,0.0,0.0,0.0,0.0,0.0,0.0
2019-05-20,273,82,46,254,46,155,-0.11476579004995414,-0.025055361669704984,-0.08355753027941984,-0.08716442063635554,-0.07338953381645698,-0.04148233202662254
2019-05-21,464,266,45,331,285,3087,0.06816039307535333,-0.0036221609592296576,0.0384115213821817,0.03534278747195517,0.02697561242983319,-0.0020485102235369285
2019-05-22,332,383,50,76,68,3446,-0.0741802568512393,0.005395770808231801,0.006378165424313782,0.005095432549637197,0.030545914074957707,-0.09035393307386075
2019-05-23,288,77,64,61,43,2767,-0.06058701606698099,-0.11041345820548001,-0.03794830266421438,-0.03798084829552654,-0.05910832723595723,0.020192457917721212
2019-05-24,200,169,40,71,78,2389,-0.013399051630197655,0.019484727918613984,-0.026011512624296795,-0.024320752524157423,0.00238020109674949,-0.03555628459424807
2019-05-25,104,151,36,68,46,904,0.0,0.0,0.0,0.0,0.0,0.0
2019-05-26,109,222,1,58,30,954,0.0,0.0,0.0,0.0,0.0,0.0
2019-05-27,117,137,13,79,32,1364,0.0,0.0,0.0,0.0,0.0,0.0
2019-05-28,271,246,80,117,76,1790,-0.014369997400502056,0.03284925283715092,0.0024229902170580255,0.0034330928525929563,-0.003173601462333217,-0.014120088326522392
2019-05-29,252,258,31,186,47,1780,-0.01650607809517097,-0.043066244784218874,-0.06303337785257734,-0.07090240186091601,-0.04839742230058255,0.008486685211795995
2019-05-30,526,805,43,318,290,1994,0.01786540217359724,-0.007169380657233945,0.005309199152082562,0.005312259466643682,0.03133931444054144,-0.011998417023573498
2019-05-31,200,314,50,113,62,1583,-0.06272309676165046,-0.1030442341849784,-0.05102532339451107,-0.05388148887595664,-0.0813235374722903,-0.02238729030008207
2019-06-01,117,110,50,76,76,848,0.0,0.0,0.0,0.0,0.0,0.0
2019-06-02,66,42,63,58,27,1002,0.0,0.0,0.0,0.0,0.0,0.0
2019-06-03,330,289,526,489,118,915,-0.03437148026876766,-0.20578870332505478,-0.24016108916131745,-0.24486986493861848,-0.15233287019199782,-0.04528670815604832
2019-06-04,377,420,171,294,118,1657,0.12311592367456968,0.09210281004606406,0.059933375663105914,0.056917065714038394,0.13170446068683106,0.10703465917980404
2019-06-05,373,203,38,122,119,1836,0.05631485467764261,0.022332495845180912,-0.038589682427552625,-0.03559575220846178,0.10591894880537345,0.02187516274419789
2019-06-06,218,107,58,147,84,1961,0.052042693288304236,0.03961894676784842,0.007554028323768043,0.011274999684304354,0.07894333637554025,0.06847877032966265
2019-06-07,60,937,99,189,127,1423,0.09573525295199238,0.12407774816891842,0.07732189369140345,0.07448004599151274,0.142018665439415,-0.010608356514744682
2019-06-08,267,330,66,141,255,1234,0.0,0.0,0.0,0.0,0.0,0.0
2019-06-09,148,299,84,104,90,775,0.0,0.0,0.0,0.0,0.0,0.0
2019-06-10,233,378,71,149,210,1325,0.04718796443678333,0.14138917951199495,0.05109658781266057,0.05200232226190592,0.04760402193499882,0.06130898454728351
2019-06-11,261,354,92,145,152,2155,0.043304181355566275,0.0076689890654030824,-0.005914946706347271,-0.006215704954168101,-0.01983500913958303,0.030873975511877857
2019-06-12,398,165,78,161,135,4411,-0.012039727551771934,-0.020933592302306188,-0.006021843333570312,-0.007010736983189689,-0.024198711150290708,-0.05735828625903379
2019-06-13,197,278,107,159,149,1316,-0.0007767566162431903,0.037420669771902504,0.04183221345332144,0.04304014302566361,0.032926115171707196,0.03401990192659532
2019-06-14,228,191,30,78,76,1608,-0.02738067072257784,-0.0015737664857339204,-0.012186215503438012,-0.017020912984960185,0.005157102376291407,0.007389269020615252
2019-06-15,116,193,82,60,46,1821,0.0,0.0,0.0,0.0,0.0,0.0
2019-06-16,99,210,39,87,60,1118,0.0,0.0,0.0,0.0,0.0,0.0
2019-06-17,182,200,77,133,130,1170,0.022331752716995723,0.0408679677882724,0.02547702948818159,0.027428605001241883,0.01586800731166665,0.07396585128556532
2019-06-18,40,269,82,119,17,1541,0.08855025425174136,0.03831996490660752,0.03955175207256081,0.04101642513360829,0.09163774222487368,-0.0021216713029488946
2019-06-19,342,23,142,137,141,1903,-0.011262970935528192,0.018535471943092054,-0.004525290552446118,-0.002638060823571369,0.021025109687958055,0.012364222420633536
2019-06-20,357,95,91,79,182,1804,0.030876075495673026,0.023481595183971065,0.03238967804861139,0.031403765146349,0.049984223031748876,-0.049822695079594394
2019-06-21,236,195,43,86,107,1291,-0.013204862476136996,-0.017211509661442703,0.037271290691800976,0.04397972633268816,0.0007934003655837271,0.016388081788295428
2019-06-22,157,186,33,128,100,736,0.0,0.0,0.0,0.0,0.0,0.0
2019-06-23,96,109,38,45,81,644,0.0,0.0,0.0,0.0,0.0,0.0
2019-06-24,187,192,72,106,190,1054,-0.0038837830812165036,0.006494909306205041,-0.02266208497130575,-0.03133148950734629,0.0321327148061246,0.01302267213534165
2019-06-25,279,308,382,160,220,1126,-0.05845093537231208,-0.08900523791541314,-0.10393915386996495,-0.10523333038684475,-0.17256457951437212,-0.028386498811868718
2019-06-26,328,173,233,128,139,534,0.08214201216773408,0.04886170231898599,-0.02333909694371834,-0.026236056957709093,0.01983500913958303,-0.0035848928911894687
2019-06-27,315,248,69,83,112,1184,-0.0011651349243650615,0.016112371163469464,-0.013504607239189661,-0.0133348553958598,0.008727404021416488,0.026118505350095682
2019-06-28,574,142,55,64,82,1218,-0.03534242603907261,-0.026604147735030448,0.017459782446446227,0.0222970346321021,-0.0075373034730414614,0.004535986923546071
2019-06-29,196,184,66,343,219,1036,0.0,0.0,0.0,0.0,0.0,0.0
2019-06-30,198,182,125,84,143,958,0.0,0.0,0.0,0.0,0.0,0.0
2019-07-01,318,209,56,117,106,1756,0.07049066292408401,0.07134408068661764,0.06071728426274236,0.062157049541680186,0.06823243144016558,0.027142760461864042
2019-07-02,419,469,231,186,284,2565,0.022914320179178254,0.03027626953507702,0.04739083806892443,0.04553365257123038,0.03570301645124968,-0.019168202805952436
2019-07-03,287,278,74,106,129,3004,0.032623777882220616,0.011715817171577075,0.03680807197383366,0.037547194461515214,0.03490961608566595,0.07572171719145397
2019-07-04,87,282,88,38,70,873,0.0,0.0,0.0,0.0,0.0,0.0
2019-07-05,261,150,93,91,102,1022,-0.0034954047730951844,0.009767344379715734,0.03566784128345374,0.034963340367194846,-0.01586800731166665,-0.013168994294165999
2019-07-06,148,149,19,90,45,455,0.0,0.0,0.0,0.0,0.0,0.0
2019-07-07,164,105,38,39,67,623,0.0,0.0,0.0,0.0,0.0,0.0
2019-07-08,526,472,92,129,197,1055,-0.08175363385961165,0.023506575604378955,-0.054303486629354226,-0.0573687884578006,-0.003967001827916381,-0.020192457917721004
2019-07-09,365,393,29,97,140,983,0.023691076795421998,0.0898795526297097,0.03021611329507379,0.027103364625732568,-0.01983500913958303,-0.0020485102235369285
2019-07-10,232,425,44,110,152,1803,0.038643641658106034,0.07271800380908447,0.055764407201404076,0.060061056010623795,0.05514132540804028,0.064820716359061
2019-07-11,215,388,70,165,185,925,-0.02873999480100356,-0.040818006947456055,0.013290813984743579,0.011455688781809073,0.021818510053541785,-0.0023411545411850016
2019-07-12,151,412,83,194,205,906,0.030099318879429834,0.024805557465620416,0.0024586224261323726,0.004553365257123038,0.01983500913958303,0.047408379458997424
2019-07-13,137,209,41,76,547,1571,0.0,0.0,0.0,0.0,0.0,0.0
2019-07-14,340,308,54,57,288,1216,0.0,0.0,0.0,0.0,0.0,0.0
2019-07-15,146,13,134,161,141,743,0.03709012842561965,0.024955439988071156,0.019383921736461775,0.01868325268200525,0.0,0.061601628864931576
2019-07-16,82,149,129,220,24,1626,-0.013787429938319527,-0.027703286233003686,0.011544835740098956,0.010660656752788308,-0.07219943326808195,-0.008194040894147714
2019-07-17,266,159,40,163,258,1383,-0.022331752716996275,-0.044640011269953365,-0.025762087160776367,-0.02428461470465648,-0.0321327148061246,0.018143947694184284
2019-07-18,277,294,62,126,813,1390,0.04485769458805321,-0.035297334037181397,-7.126441814869398e-05,0.001806890975048838,0.0059505027418740065,-0.009657262482388495
2019-07-19,171,335,64,53,1101,1223,-0.059616070296676586,-0.033423802506545995,-0.05783107532771782,-0.05670023879703273,0.00793400365583389,0.033946740847183354
2019-07-20,72,606,30,566,245,1720,0.0,0.0,0.0,0.0,0.0,0.0
2019-07-21,73,143,29,96,64,658,0.0,0.0,0.0,0.0,0.0,0.0
2019-07-22,299,223,79,162,156,1410,0.08990957833016708,0.05273366748230078,0.028398870632280474,0.02768156973774849,0.07180273308529066,-0.018290269853008214
2019-07-23,429,329,111,178,148,335,0.031458642957855554,0.02213265248191269,0.029004618186545185,0.031945832438863155,0.03411621572008222,0.03284932465600282
2019-07-24,381,799,122,150,133,1929,-0.0033012156190345247,0.015787625698158957,-0.029931055622479014,-0.030066665824812433,0.05672812613920773,0.034458868403067326
2019-07-25,402,950,245,739,138,4088,-0.03204121042003753,-0.0674221546824865,-0.02027472696332207,-0.01369623359087006,-0.021025109687958055,-0.2638188523597905
2019-07-26,295,611,209,602,193,1871,0.013981619092380186,-0.07686475359689172,0.42149340114083456,0.3949140915066739,0.045620521021041194,-0.0057065641941385714
2019-07-27,419,178,66,160,169,896,0.0,0.0,0.0,0.0,0.0,0.0
2019-07-28,256,195,68,87,82,914,0.0,0.0,0.0,0.0,0.0,0.0
2019-07-29,56,263,64,104,88,1310,0.037672695887802185,-0.07644008644994739,-0.03919542998181733,-0.012214582991330538,-0.01229770566654157,0.05655351438550153
2019-07-30,1330,347,95,93,69,1794,-0.01747702386547537,-0.0347727452086038,-0.05084716234913933,-0.050014742189351535,-0.02697561242983319,0.04748154053840919
2019-07-31,825,404,63,241,205,1028,0.08272457962991606,-0.07931283479692278,-0.030144848876925097,-0.03541506311095706,-0.16185367457899688,-0.004755470161781969
2019-08-01,583,411,69,160,179,1290,-0.08952120002204521,-0.02862756178811773,-0.027329904360049256,-0.023200480119627342,0.07100933271970693,-0.056772997623737644
2019-08-02,686,436,57,384,103,1420,-0.0856374169408287,-0.08013718867040243,-0.05351957802971779,-0.0558690689485102,-0.0460172212038325,0.003584892891189677
2019-08-03,177,270,25,112,112,1108,0.0,0.0,0.0,0.0,0.0,0.0
2019-08-04,178,145,28,50,44,619,0.0,0.0,0.0,0.0,0.0,0.0
2019-08-05,402,290,59,128,256,1054,-0.2073940165369732,-0.1451612229936748,-0.1484794152129392,-0.15022491566556015,-0.18605238572928873,-0.04404296980604386
2019-08-06,304,175,73,121,108,831,0.07107323038626599,0.05670555432724827,0.06281958459813126,0.059013059245094784,0.09838164533233142,0.017778142297124034
2019-08-07,260,315,54,188,156,1273,0.03961458742841043,0.013914094167523554,0.014395412466049145,0.017454566818972332,0.02340531078470811,0.01953400820301268
2019-08-08,282,219,71,151,158,1623,0.08524903863270739,0.09864768019308602,0.10978283615816271,0.10942531744895752,0.1432087659877889,0.035702606753072214
2019-08-09,166,170,43,127,86,942,-0.047382153590843995,-0.06322544405386234,-0.059826479035882875,-0.06248228991718868,-0.046810621569415095,-0.02406999512655896
2019-08-10,140,115,23,59,62,355,0.0,0.0,0.0,0.0,0.0,0.0
2019-08-11,275,117,37,88,79,863,0.0,0.0,0.0,0.0,0.0,0.0
2019-08-12,99,173,46,48,92,607,-0.009903646857103023,-0.05660563264561444,-0.04739083806892443,-0.05203846008140686,-0.07616643509599946,-0.04389664764721972
2019-08-13,357,169,30,74,99,923,0.16486659179765012,0.09847281725022625,0.08038626367179971,0.0803343727506714,0.11147275136445672,0.04382348656780775
2019-08-14,270,127,57,553,107,664,-0.12078565382584011,-0.15332982046724758,-0.11751502552730331,-0.11737563773917258,-0.18327548444974737,-0.11252174013570651
2019-08-15,82,248,73,80,68,658,-0.01961310456014428,0.03287423325755881,0.010582766095090778,0.018321874486994984,-0.01190100548374914,-0.029118109605989213
2019-08-16,189,122,31,62,110,611,0.09243403733295787,0.04109279157194908,0.036843704182908,0.035740303486466375,0.09719154478395639,0.03145926414717421
2019-08-17,121,71,30,33,90,570,0.0,0.0,0.0,0.0,0.0,0.0
2019-08-18,138,137,33,57,62,709,0.0,0.0,0.0,0.0,0.0,0.0
2019-08-19,329,146,246,294,209,746,0.07476282431342184,0.058828890061969376,0.07429315592008152,0.07672059080057372,0.09044764167649866,0.05040798371489075
2019-08-20,371,199,83,141,121,1262,0.0001941891540612115,-0.03682113968209841,-0.05615636150122189,-0.061109052776151994,-0.045620521021041194,-0.007096624702967179
2019-08-21,266,194,40,56,100,626,0.044275127125870124,0.05535661162519046,0.030501170967668568,0.029090944698286124,0.06069512796712412,-0.03680002294425254
2019-08-22,255,229,47,67,61,1386,-0.0034954047730946323,-0.044814874212812564,-0.006128739960793353,-0.00021682691700566334,-0.04006671846195736,0.009657262482388287
2019-08-23,291,205,42,54,82,1600,-0.19069374928774158,-0.13984039344666893,-0.13625756750042683,-0.13710688718670602,-0.17415138024553958,-0.07864816036793533
2019-08-24,214,189,45,57,62,818,0.0,0.0,0.0,0.0,0.0,0.0
2019-08-25,118,141,27,77,28,755,0.0,0.0,0.0,0.0,0.0,0.0
2019-08-26,321,68,33,55,70,1113,0.07476282431342239,0.04808730928632326,0.06271268797090822,0.06360256232171958,0.08172023765508217,0.02633798858833179
2019-08-27,585,258,86,77,133,977,-0.045246072896175084,-0.017586215967569558,-0.0037413819528104844,-0.0013009615020356234,0.011504305300958969,-0.006730819305906932
2019-08-28,171,179,104,47,103,1139,0.02660391410633465,0.006045261738852248,0.011331042485652875,0.01058838111378642,-0.007140603290250161,0.011047322991216895
2019-08-29,353,240,95,84,81,1372,0.0675778256131708,0.05533163120478257,0.07778511240936996,0.0740463921575014,0.1015552467946652,0.04477458060016414
2019-08-30,417,276,33,100,181,2358,-0.005243107159642224,-0.025255205032973207,-0.01692529931033021,-0.013407131034862508,-0.010314204752582814,0.028532820970692856
2019-08-31,186,176,47,63,79,551,0.0,0.0,0.0,0.0,0.0,0.0
2019-09-01,163,181,53,60,27,657,0.0,0.0,0.0,0.0,0.0,0.0
2019-09-02,181,164,27,35,54,1276,0.0,0.0,0.0,0.0,0.0,0.0
2019-09-03,240,261,52,74,93,1325,-0.05903350283449461,0.03384846965348976,-0.07023108408560111,-0.0758171453130493,-0.07219943326808309,-0.004389664764722138
2019-09-04,328,256,176,130,91,1611,0.06777201476723202,0.026928893200340955,0.04639313621484191,0.04596730640524253,0.06307532906387417,-0.031678747385410114
2019-09-05,332,280,77,98,93,1132,0.07942336401088208,0.10017148583800359,0.10678973059591514,0.10812435594692273,0.09600144423558249,0.0651133606767093
2019-09-06,83,256,61,155,83,1393,-0.0003883783081218711,-0.018010883114513893,-0.022982774852974872,-0.021212900047073786,-0.037686517365208436,-0.015583309914763173
2019-09-07,173,207,12,55,63,1005,0.0,0.0,0.0,0.0,0.0,0.0
2019-09-08,171,118,23,30,56,972,0.0,0.0,0.0,0.0,0.0,0.0
2019-09-09,445,218,57,200,78,1393,0.01767121301953603,-0.005395770808231801,-0.0018528748718676638,-0.0037944710476023953,-0.06267862888108174,0.03175190846482229
2019-09-10,828,237,124,89,109,1110,0.049129855977391584,-0.02697885404115787,0.0056655212428260325,0.0015539262385422306,-0.057124826321999035,0.027435404779512323
2019-09-11,839,161,43,75,66,1166,0.13379632714791645,0.0060952225796691625,0.05049084025839586,0.0516770818863966,0.0015868007311663267,0.08457420780031
2019-09-12,355,245,143,55,141,1334,-0.00980655228007214,0.05135974435983395,0.050170150376725925,0.05409831579296231,0.05553802559083271,-0.008998812767679967
2019-09-13,533,185,53,105,133,876,-0.08418099828537265,-0.010516756991970008,0.018920703018495265,0.018285736667494043,-0.00793400365583389,-0.004901792320606318
2019-09-14,407,233,18,40,41,884,0.0,0.0,0.0,0.0,0.0,0.0
2019-09-15,181,116,12,56,57,1516,0.0,0.0,0.0,0.0,0.0,0.0
2019-09-16,302,252,58,123,149,939,0.022331752716996275,-0.07868832428671078,-0.029432204695437347,-0.030355768380819985,-0.03927331809637363,-0.017485497979475753
2019-09-17,341,188,35,80,47,1103,0.015535132324866566,0.0367461984208736,-0.007660924950991084,-0.006324118412670932,0.042050219375914986,0.014485893723582432
2019-09-18,239,102,10,54,229,1235,0.040197154890593514,-0.01271503398791592,0.01161610015824765,0.010010176001770496,0.044827120655458595,-0.009510940323564147
2019-09-19,234,234,43,85,262,1548,-0.0351482368850114,0.010092089845025673,0.022448291716858856,0.022044069895595493,0.10115854661187278,0.022753095697142112
2019-09-20,316,184,42,73,181,1644,-0.06272309676165046,-0.06829646939678306,-0.03128507956730501,-0.03219879717537059,-0.06466212979504049,-0.043750325488395574
2019-09-21,182,137,12,66,55,793,0.0,0.0,0.0,0.0,0.0,0.0
2019-09-22,151,119,10,49,89,614,0.0,0.0,0.0,0.0,0.0,0.0
2019-09-23,237,256,62,79,687,1516,0.019224726252022963,-0.022132652481913255,0.014609205720495228,0.017526842457974222,-0.011901005483750268,0.004462825844133897
2019-09-24,326,101,77,108,104,1648,-0.020195672022326812,-0.10913945676464756,-0.05441038325657727,-0.05912147270359844,-0.0698192321713319,-0.13183626510048307
2019-09-25,197,241,36,42,80,953,0.06505336661038003,0.0667476833314576,0.09891501239047716,0.09977651964219729,0.07854663619274951,0.0401654325972059
2019-09-26,234,195,54,95,68,1695,-0.022137563562935617,-0.07116921774375844,-0.01827932325515621,-0.013190304117856846,0.007140603290249034,0.10140125606507765
2019-09-27,193,438,23,92,52,1037,-0.020778239484509343,-0.03594682496780185,-0.05808050079123906,-0.05904919706459573,-0.07180273308529066,-0.003145926414717463
2019-09-28,76,74,27,31,45,1121,0.0,0.0,0.0,0.0,0.0,0.0
2019-09-29,29,25,5,10,17,360,0.0,0.0,0.0,0.0,0.0,0.0
2019-09-30,271,173,65,60,120,1507,0.10000741434133076,0.026129519747269767,-0.02170001532629676,-0.017382291179969624,0.05157102376291633,-0.009218296005916074
2019-10-01,268,105,17,24,159,1241,0.012039727551771934,-0.0006494909306204472,-0.04952877061338768,-0.054712658724479175,-0.0777532358271658,0.027947532335396503
2019-10-02,151,85,20,53,75,1694,-0.1093284937362507,-0.056006102555811475,-0.10144489923475743,-0.10147499715874247,-0.09600144423558137,-0.011413128388277143
2019-10-03,228,78,27,107,76,2433,0.036119182655315246,0.027953090437088823,0.039908074163304275,0.041594630245624216,0.06466212979504049,-0.07389269020615315
2019-10-04,289,99,44,48,77,1123,0.12020308636365758,0.038045180282114496,0.07543338661046144,0.07780472538560286,0.07299283363366568,-0.011705772705925216
2019-10-05,94,46,9,10,18,788,0.0,0.0,0.0,0.0,0.0,0.0
2019-10-06,133,89,50,78,69,620,0.0,0.0,0.0,0.0,0.0,0.0
2019-10-07,237,59,9,50,45,790,0.0009709457703044018,-0.017461313865527274,-0.004703451597817853,-0.009793349084764832,-0.03967001827916606,0.04601831895016861
2019-10-08,196,108,46,30,137,1211,-0.051654314980182366,-0.06782184140902238,-0.06609774783297362,-0.06548172893576949,-0.05752152650479146,0.017046531503003746
2019-10-09,230,85,36,85,44,1470,0.05107174751799984,0.04116773283317445,0.046963251560031456,0.04434110452769842,0.10195194697745763,0.03277616357659065
2019-10-10,632,110,36,75,55,1225,0.05942188114261593,-0.004321612730667019,0.02266208497130575,0.025549438387190336,0.03411621572008222,0.0015363826676527484
2019-10-11,306,109,14,50,67,786,0.11884376228523186,0.029127170196287435,0.024158637752429133,0.02254999936860953,0.02300861060191681,0.023045740014790185
2019-10-12,268,57,7,22,54,676,0.0,0.0,0.0,0.0,0.0,0.0
2019-10-13,116,76,35,73,37,305,0.0,0.0,0.0,0.0,0.0,0.0
2019-10-14,160,34,6,39,79,745,-0.006602431238068498,0.011266169604224283,0.006021843333570312,0.007444390817201015,-0.005157102376291407,0.06635709902671376
2019-10-15,227,214,87,71,72,1071,-0.010680403473346213,0.07731440116424453,0.0921805248754191,0.08842924431889022,0.08033178701531037,0.006803980385319106
2019-10-16,150,133,17,77,61,1046,-0.01844796963577922,0.0251053225105219,0.002244829171686291,0.002746474282074201,-0.046215571295228144,0.013607960770638212
2019-10-17,248,130,24,79,107,1282,0.01767121301953603,0.0251053225105219,0.03360117315713919,0.03541506311095706,-0.028562413160999518,0.016241759629471494
2019-10-18,227,120,46,49,101,785,0.021943374408874405,-0.07486631996421347,-0.027009214478379322,-0.03031963056131904,-0.09044764167649866,-0.03672686186484078
2019-10-19,86,596,17,39,556,599,0.0,0.0,0.0,0.0,0.0,0.0
2019-10-20,78,128,34,94,157,488,0.0,0.0,0.0,0.0,0.0,0.0
2019-10-21,476,129,87,100,105,1020,0.07961755316494273,0.07031988344987034,0.0023517257989093317,-0.0004697916535130923,0.04046341864474979,-0.025240572397151256
2019-10-22,242,11,63,65,154,934,-0.010680403473345661,-0.04978597787410003,-0.011936790039917584,-0.011130448406300578,-0.08172023765508217,0.015217504517702927
2019-10-23,264,120,25,78,588,1358,0.06252890760758924,-0.008893029665418606,0.0581873974184621,0.059374437440105045,0.034512915902874655,-0.006584497147082999
2019-10-24,289,1124,15,45,245,6091,0.007767566162433559,0.046488562380180315,0.006627590887834211,0.005348397286143804,0.1071090493537479,0.32922485735414786
2019-10-25,208,991,56,80,78,2710,0.05825674621825087,-0.04858691769449296,0.014751734556793426,0.018755528321007135,0.03133931444054087,0.20814327092723342
2019-10-26,584,248,39,467,339,2244,0.0,0.0,0.0,0.0,0.0,0.0
2019-10-27,178,99,34,118,191,1035,0.0,0.0,0.0,0.0,0.0,0.0
2019-10-28,466,226,307,599,412,1283,0.04796472105302652,0.03934416214335539,0.08861730396798116,0.08918813852841087,0.1372582632459149,-0.0030727653353054968
2019-10-29,47,210,250,418,237,1928,-0.11185295273904204,-0.03589686412698493,-0.09756098844565117,-0.10234230482676594,-0.053951224859665255,-0.08406208024442541
2019-10-30,989,168,64,50,75,1532,-0.0005825674621825307,0.0431661664658527,-0.0047390838068922005,0.00014455127800377555,0.07061263253691563,-0.008852490608856243
2019-10-31,1169,217,33,137,149,978,0.10680403473345992,-0.00831847999602353,-0.004204600670776996,-0.006866185705185913,-0.04919082266616628,-0.0006584497147081128
2019-11-01,352,234,202,247,44,900,0.1370975427669504,0.0369210613637328,0.048566700968379506,0.0486053672288139,0.013884506397707896,-0.01177893378533739
2019-11-02,223,67,22,34,65,170,0.0,0.0,0.0,0.0,0.0,0.0
2019-11-03,126,73,19,55,52,564,0.0,0.0,0.0,0.0,0.0,0.0
2019-11-04,267,163,55,91,319,1218,0.032623777882220616,0.03302411578001012,0.06281958459813045,0.0627352546536953,0.03292611517170833,0.030435009035405854
2019-11-05,345,155,54,94,223,1004,-0.007184998700251028,-0.0073692240205016,0.0023517257989093317,0.0066132209686793056,-0.0035703016451250806,-0.0018290269853008215
2019-11-06,212,128,31,61,81,1072,0.0021360806946694633,-0.014838369722637027,-0.0008195408087107909,-0.0015539262385422306,-0.01586800731166665,0.06847877032966244
2019-11-07,219,138,91,114,121,1829,0.04252742473932309,-0.01891017824921891,0.06078854868089105,0.057567546465056206,0.007934003655832762,0.06555232715318171
2019-11-08,249,322,54,76,178,1691,0.013787429938318973,-0.005795457534767111,0.008943684477669196,0.007444390817201015,0.06743903107458298,0.011705772705925009
2019-11-09,248,108,39,33,83,1515,0.0,0.0,0.0,0.0,0.0,0.0
2019-11-10,159,71,62,47,46,687,0.0,0.0,0.0,0.0,0.0,0.0
2019-11-11,265,200,74,62,151,1497,0.0400029657365323,-0.035547138241266533,-0.04340003065259352,-0.038739742505047185,0.005950502741875134,0.05816305813256604
2019-11-12,341,168,51,108,178,1790,-0.004660539697460246,0.015862566959384327,-0.0013896561539011529,-0.003866746686604283,0.03808321754799861,0.03540996243542414
2019-11-13,393,239,102,210,104,2364,0.04874147766927082,-0.06217626639670601,-0.0028505767259501893,-0.0037221954086005074,0.009520804387000216,-0.027947532335396503
2019-11-14,433,477,51,98,131,1722,-0.03553661519313382,0.0037220826408634854,0.04796095341411479,0.04687075189276695,0.029752513709374543,0.023704189729498712
2019-11-15,668,553,93,274,166,1224,0.06058701606698099,-0.03774541523721245,0.08341500144312164,0.08814014176288185,0.07576973491320704,0.02063142439419322
2019-11-16,251,225,163,57,266,1105,0.0,0.0,0.0,0.0,0.0,0.0
2019-11-17,466,186,87,113,317,623,0.0,0.0,0.0,0.0,0.0,0.0
2019-11-18,287,311,81,97,256,1266,0.026021346644152673,0.032574468212657325,-0.05049084025839505,-0.04950881271633832,0.014677906763291622,-0.015949115311823213
2019-11-19,286,277,70,91,212,1577,-0.015729321478927777,0.0006494909306204472,-0.018671277554974833,-0.02619991913820815,0.0019835009139576266,0.06972250867966712
2019-11-20,373,197,54,96,192,1614,-0.06019863775885967,-0.018135785216556177,-0.04421957146130512,-0.03877588032454812,-0.030545914074957145,-0.053407587970783654
2019-11-21,620,120,152,98,113,1639,-0.022914320179178806,-0.027028814881974783,-0.006057475542644659,-0.006215704954167279,-0.005553802559083835,0.019095041726540262
2019-11-22,29,185,46,57,199,4534,-0.004466350543399587,0.027503442869736033,-0.021414957653701983,-0.02338116921713206,0.004363702010708808,-0.15941799203881934
2019-11-23,91,104,11,39,77,2176,0.0,0.0,0.0,0.0,0.0,0.0
2019-11-24,141,110,30,53,70,539,0.0,0.0,0.0,0.0,0.0,0.0
2019-11-25,229,194,58,73,194,2579,0.08913282171392445,0.0702449421886444,0.040442557299421096,0.043256969942669275,0.0650588299778318,0.02414315620597051
2019-11-26,275,286,47,50,111,2980,-0.040391344044653624,0.05770477114358825,0.02444369542502391,0.02659743515271853,0.0317360146233333,-0.054285520923728084
2019-11-27,233,279,34,69,212,1767,0.06893714969159598,0.05388276682109037,-0.0019954037081650515,-0.0031439902965845834,0.011504305300957841,0.017339175820651823
2019-11-28,196,210,22,93,56,844,0.0,0.0,0.0,0.0,0.0,0.0
2019-11-29,213,208,28,31,170,1082,-0.011457160089588851,-0.04424032454341749,-0.028612663886726557,-0.029054806878786005,-0.03728981718241601,-0.009876745720624603
2019-11-30,132,118,18,51,59,573,0.0,0.0,0.0,0.0,0.0,0.0
2019-12-01,103,109,21,38,73,717,0.0,0.0,0.0,0.0,0.0,0.0
2019-12-02,446,296,81,108,178,891,-0.06000444860479791,-0.04796240718428097,-0.05359084244786648,-0.055037899099987665,-0.07259613345087326,0.03606841215013225
2019-12-03,298,329,66,86,136,1330,-0.09146309156265456,-0.029077209355469952,0.019098864063867,0.021249037866574727,-0.009520804387000216,0.009730423561800254
2019-12-04,268,257,225,217,168,1482,0.04446931627993189,-0.02315684971866056,0.09000696012188232,0.08745352319236392,0.021421809870749358,-0.023192062173614532
2019-12-05,237,354,31,148,114,1207,0.07456863515936062,-0.05048542964553739,0.02704484668745448,0.028982531239783293,0.003173601462333781,-0.019460847123600508
2019-12-06,341,246,0,147,385,2576,0.09961903603320889,0.02777822749422906,0.04450462913389908,0.04491930963971434,0.07219943326808195,0.04038491583544201
2019-12-07,318,177,20,124,44,1925,0.0,0.0,0.0,0.0,0.0,0.0
2019-12-08,203,272,20,191,90,872,0.0,0.0,0.0,0.0,0.0,0.0
2019-12-09,333,271,113,68,226,1369,-0.07359768938905623,-0.005220907865372035,0.010475869467867736,0.013009615020351304,-0.015471307128874222,0.026630632905979862
2019-12-10,335,11,61,90,155,1318,0.030293508033490495,-0.025729833020733887,0.00391954299818222,-0.0003613781950094389,-0.009124104204208915,0.0681129649326026
2019-12-11,28,304,47,93,161,1375,0.04446931627993079,0.023756379808464092,0.0012827595266773017,0.004914743452132477,0.022611910419124383,0.028240176653044784
2019-12-12,625,254,102,75,177,2348,0.013399051630197655,0.029002268094244582,0.018706909764049182,0.015322435468414178,0.061091828149916545,0.05106643342959907
2019-12-13,446,236,134,42,218,1231,0.07165579784844851,0.0015238056449175745,-0.008694259014148767,-0.005854326759158662,0.0511743235801239,-0.00943777924415239
2019-12-14,342,181,176,96,232,1076,0.0,0.0,0.0,0.0,0.0,0.0
2019-12-15,112,85,30,16,35,991,0.0,0.0,0.0,0.0,0.0,0.0
2019-12-16,509,423,116,86,205,2449,0.09146309156265456,0.020658807677812595,0.047533366905222633,0.049978604369851416,0.03967001827916606,0.16907525452120803
2019-12-17,330,451,234,91,199,1650,0.010680403473346213,0.05358300177618889,-0.021557486490000183,-0.020996073130067298,-0.03332281535449962,-0.018363430932420183
2019-12-18,479,433,135,116,164,2678,-0.013010673322076336,-0.016562018730822258,-0.008908052268594849,-0.01076907021129114,-0.012694405849332869,0.1035960884474383
2019-12-19,438,384,229,95,238,908,0.005437296313702884,0.02060884683699568,0.012186215503438012,0.016370432233942373,0.053157824494082656,0.0796724154797041
2019-12-20,294,277,68,100,179,2086,-0.011262970935528192,-0.014438682996101149,-0.022982774852974872,-0.018863941779509966,0.06743903107458185,0.011339967308864761
2019-12-21,279,147,43,53,60,1284,0.0,0.0,0.0,0.0,0.0,0.0
2019-12-22,188,160,14,56,81,901,0.0,0.0,0.0,0.0,0.0,0.0
2019-12-23,393,180,76,35,203,3703,0.08855025425174136,0.016237273265511748,-0.0026724156805784547,-0.002132131350557333,0.0,0.09971855123860117
2019-12-24,228,188,51,56,107,2146,0.005243107159642224,-0.009467579334813682,-0.018813806391272222,-0.022405448090605753,-0.001190100548375027,0.044116130885455615
2019-12-25,176,46,28,12,24,1076,0.0,0.0,0.0,0.0,0.0,0.0
2019-12-26,353,597,33,57,103,2001,0.10952268289031246,0.19874422476986367,0.06000464008125542,0.06519262637976193,0.0511743235801239,0.04162865418544668
2019-12-27,183,726,77,104,190,1852,-0.0021360806946694633,0.002572983302073332,-0.03032300992229683,-0.02829591266926454,0.011504305300958969,-0.004097020447073857
2019-12-28,545,510,9,39,427,1448,0.0,0.0,0.0,0.0,0.0,0.0
2019-12-29,307,322,7,123,280,815,0.0,0.0,0.0,0.0,0.0,0.0
2019-12-30,725,218,31,86,148,2199,0.03340053449846325,-0.05723014315582643,-0.05612072929214754,-0.05395376451495853,-0.05434792504245768,-0.11471657251806758
2019-12-31,404,255,58,92,294,1142,0.04136228981495803,0.002373139938805109,0.0031356343985449652,-0.0011564102240310262,0.00436370201070768,0.026557471826567897
