,day_date,close_value,num_tweets,log_close_value,lag_log_close_value,log_num_tweets
1,2019-01-01,101.57,74,4.6207482159514095,0.0,4.30406509320417
2,2019-01-02,101.12,192,4.6163079303985475,-0.004440285552862022,5.2574953720277815
3,2019-01-03,97.4,221,4.578826210648489,-0.03748171975005832,5.3981627015177525
4,2019-01-04,101.93,158,4.624286303180321,0.04546009253183225,5.062595033026967
5,2019-01-05,101.93,55,4.624286303180321,0.0,4.007333185232471
6,2019-01-06,101.93,54,4.624286303180321,0.0,3.9889840465642745
7,2019-01-07,102.06,181,4.625560875635825,0.0012745724555038862,5.198497031265826
8,2019-01-08,102.8,183,4.632785353021065,0.00722447738523968,5.209486152841421
9,2019-01-09,104.27,133,4.646983688801502,0.014198335780436722,4.890349128221754
10,2019-01-10,103.6,113,4.640537329825382,-0.006446358976119448,4.727387818712341
11,2019-01-11,102.8,129,4.632785353021065,-0.007751976804317273,4.859812404361672
12,2019-01-12,102.8,56,4.632785353021065,0.0,4.02535169073515
13,2019-01-13,102.8,54,4.632785353021065,0.0,3.9889840465642745
14,2019-01-14,102.05,90,4.625462889255854,-0.0073224637652113955,4.499809670330265
15,2019-01-15,105.01,243,4.654055583717902,0.028592694462048485,5.493061443340548
16,2019-01-16,105.38,188,4.65757286478114,0.003517281063238009,5.236441962829949
17,2019-01-17,106.12,189,4.664570529269539,0.006997664488398669,5.241747015059643
18,2019-01-18,107.71,192,4.679442430362679,0.014871901093139961,5.2574953720277815
19,2019-01-19,107.71,86,4.679442430362679,0.0,4.454347296253507
20,2019-01-20,107.71,104,4.679442430362679,0.0,4.6443908991413725
21,2019-01-21,107.71,106,4.679442430362679,0.0,4.663439094112067
22,2019-01-22,105.68,177,4.66041566021407,-0.019026770148609096,5.176149732573829
23,2019-01-23,106.71,154,4.6701148746284735,0.009699214414403912,5.0369526024136295
24,2019-01-24,106.2,260,4.665324108807838,-0.004790765820635201,5.560681631015528
25,2019-01-25,107.17,213,4.674416358724906,0.009092249917067363,5.3612921657094255
26,2019-01-26,107.17,139,4.674416358724906,0.0,4.9344739331306915
27,2019-01-27,107.17,98,4.674416358724906,0.0,4.584967478670572
28,2019-01-28,105.08,296,4.654721964817339,-0.019694393907566443,5.69035945432406
29,2019-01-29,102.94,275,4.6341462942246086,-0.020575670592730688,5.616771097666572
30,2019-01-30,106.38,624,4.667017589314171,0.03287129508956266,6.436150368369428
31,2019-01-31,104.43,407,4.648516990491458,-0.0185005988227136,6.008813185442595
32,2019-02-01,102.78,211,4.632590781564083,-0.015926208927374397,5.351858133476067
33,2019-02-02,102.78,116,4.632590781564083,0.0,4.7535901911063645
34,2019-02-03,102.78,86,4.632590781564083,0.0,4.454347296253507
35,2019-02-04,105.74,238,4.660983250807304,0.028392469243220475,5.472270673671475
36,2019-02-05,107.22,225,4.674882798399391,0.013899547592087558,5.41610040220442
37,2019-02-06,106.03,169,4.6637220729377065,-0.011160725461684784,5.1298987149230735
38,2019-02-07,105.27,163,4.656528478263233,-0.007193594674473225,5.093750200806762
39,2019-02-08,105.67,127,4.660321030452939,0.0037925521897062,4.844187086458591
40,2019-02-09,105.67,83,4.660321030452939,0.0,4.418840607796598
41,2019-02-10,105.67,82,4.660321030452939,0.0,4.406719247264253
42,2019-02-11,105.25,158,4.656338472562491,-0.003982557890448213,5.062595033026967
43,2019-02-12,106.89,167,4.671800268285854,0.015461795723362926,5.117993812416755
44,2019-02-13,106.81,171,4.671051555101604,-0.0007487131842500716,5.14166355650266
45,2019-02-14,106.9,164,4.671893818030999,0.0008422629293951545,5.099866427824199
46,2019-02-15,108.22,194,4.684166192214589,0.012272374183590173,5.267858159063328
47,2019-02-16,108.22,93,4.684166192214589,0.0,4.532599493153256
48,2019-02-17,108.22,68,4.684166192214589,0.0,4.219507705176107
49,2019-02-18,108.22,85,4.684166192214589,0.0,4.442651256490317
50,2019-02-19,108.17,174,4.683704063642198,-0.00046212857239158467,5.159055299214529
51,2019-02-20,107.15,182,4.674229721919586,-0.009474341722611967,5.204006687076795
52,2019-02-21,109.41,301,4.695102293488699,0.020872571569112708,5.707110264748875
53,2019-02-22,110.97,234,4.709259894512472,0.014157601023773836,5.455321115357702
54,2019-02-23,110.97,100,4.709259894512472,0.0,4.605170185988092
55,2019-02-24,110.97,125,4.709259894512472,0.0,4.8283137373023015
56,2019-02-25,111.59,250,4.71483144019761,0.005571545685137735,5.521460917862246
57,2019-02-26,112.36,223,4.721708002236043,0.0068765620384327875,5.407171771460119
58,2019-02-27,112.17,134,4.720015577657132,-0.0016924245789109449,4.897839799950911
59,2019-02-28,112.03,183,4.7187666925706315,-0.0012488850865004508,5.209486152841421
60,2019-03-01,112.53,171,4.723219852761906,0.004453160191274286,5.14166355650266
61,2019-03-02,112.53,76,4.723219852761906,0.0,4.330733340286331
62,2019-03-03,112.53,84,4.723219852761906,0.0,4.430816798843313
63,2019-03-04,112.26,154,4.720817609514054,-0.0024022432478520983,5.0369526024136295
64,2019-03-05,111.7,137,4.715816706075155,-0.005000903438898696,4.919980925828125
65,2019-03-06,111.75,168,4.716264233493678,0.00044752741852338573,5.123963979403259
66,2019-03-07,110.39,185,4.70401955003026,-0.012244683463418227,5.220355825078324
67,2019-03-08,110.51,189,4.705106014600691,0.001086464570430934,5.241747015059643
68,2019-03-09,110.51,104,4.705106014600691,0.0,4.6443908991413725
69,2019-03-10,110.51,99,4.705106014600691,0.0,4.59511985013459
70,2019-03-11,112.83,186,4.725882261150355,0.020776246549663924,5.225746673713202
71,2019-03-12,113.62,239,4.732859547128981,0.00697728597862568,5.476463551931511
72,2019-03-13,114.5,243,4.740574822994295,0.007715275865313842,5.493061443340548
73,2019-03-14,114.59,240,4.7413605404383565,0.000785717444061973,5.480638923341991
74,2019-03-15,115.91,305,4.752814027900653,0.011453487462296685,5.720311776607412
75,2019-03-16,115.91,83,4.752814027900653,0.0,4.418840607796598
76,2019-03-17,115.91,77,4.752814027900653,0.0,4.343805421853684
77,2019-03-18,117.57,188,4.76703390087965,0.014219872978996406,5.236441962829949
78,2019-03-19,117.65,226,4.767714115173372,0.0006802142937223365,5.420534999272286
79,2019-03-20,117.52,227,4.7666085318656215,-0.0011055833077504573,5.424950017481403
80,2019-03-21,120.22,216,4.789323397611016,0.022714865745394164,5.375278407684165
81,2019-03-22,117.05,192,4.76260119393692,-0.026722203674095724,5.2574953720277815
82,2019-03-23,117.05,65,4.76260119393692,0.0,4.174387269895637
83,2019-03-24,117.05,105,4.76260119393692,0.0,4.653960350157523
84,2019-03-25,117.66,192,4.76779910943631,0.005197915499389971,5.2574953720277815
85,2019-03-26,117.91,213,4.769921621588582,0.0021225121522716606,5.3612921657094255
86,2019-03-27,116.77,204,4.760206188087624,-0.009715433500957715,5.318119993844216
87,2019-03-28,116.93,212,4.7615754651522275,0.0013692770646036578,5.356586274672012
88,2019-03-29,117.94,157,4.770176020572358,0.008600555420130718,5.056245805348308
89,2019-03-30,117.94,53,4.770176020572358,0.0,3.970291913552122
90,2019-03-31,117.94,109,4.770176020572358,0.0,4.6913478822291435
91,2019-04-01,119.02,184,4.779291546216706,0.009115525644348033,5.214935757608986
92,2019-04-02,119.19,173,4.780718858494617,0.0014273122779107084,5.153291594497779
93,2019-04-03,119.97,140,4.787241711526836,0.0065228530322194445,4.941642422609304
94,2019-04-04,119.36,168,4.782144136455451,-0.005097575071385307,5.123963979403259
95,2019-04-05,119.89,169,4.786574655719562,0.004430519264110977,5.1298987149230735
96,2019-04-06,119.89,58,4.786574655719562,0.0,4.060443010546419
97,2019-04-07,119.89,52,4.786574655719562,0.0,3.9512437185814275
98,2019-04-08,119.93,161,4.78690823924363,0.0003335835240676488,5.081404364984463
99,2019-04-09,119.28,161,4.781473670456483,-0.005434568787146432,5.081404364984463
100,2019-04-10,120.19,167,4.7890738239646975,0.007600153508214191,5.117993812416755
101,2019-04-11,120.33,206,4.7902379684500715,0.0011641444853740524,5.327876168789581
102,2019-04-12,120.95,129,4.795377237056036,0.0051392686059648085,4.859812404361672
103,2019-04-13,120.95,90,4.795377237056036,0.0,4.499809670330265
104,2019-04-14,120.95,79,4.795377237056036,0.0,4.3694478524670215
105,2019-04-15,121.05,200,4.796203683384068,0.000826446328031416,5.298317366548036
106,2019-04-16,120.77,201,4.793887910287284,-0.0023157730967842127,5.303304908059076
107,2019-04-17,121.77,208,4.802134019518916,0.008246109231632381,5.337538079701318
108,2019-04-18,123.37,276,4.8151879700833735,0.013053950564457573,5.62040086571715
109,2019-04-19,123.37,74,4.8151879700833735,0.0,4.30406509320417
110,2019-04-20,123.37,81,4.8151879700833735,0.0,4.394449154672439
111,2019-04-21,123.37,53,4.8151879700833735,0.0,3.970291913552122
112,2019-04-22,123.76,203,4.81834420626481,0.003156236181436789,5.313205979041787
113,2019-04-23,125.44,283,4.831827556602097,0.013483350337287092,5.645446897643238
114,2019-04-24,125.01,801,4.828393734102471,-0.0034338224996259825,6.68586094706836
115,2019-04-25,129.15,787,4.860974519541849,0.03258078543937781,6.668228248417403
116,2019-04-26,129.89,238,4.866687938419193,0.005713418877343557,5.472270673671475
117,2019-04-27,129.89,85,4.866687938419193,0.0,4.442651256490317
118,2019-04-28,129.89,88,4.866687938419193,0.0,4.477336814478207
119,2019-04-29,129.77,218,4.8657636527491395,-0.0009242856700533153,5.384495062789089
120,2019-04-30,130.6,241,4.8721392168423305,0.006375564093191066,5.484796933490655
121,2019-05-01,127.88,224,4.851092324191641,-0.021046892650689486,5.4116460518550396
122,2019-05-02,126.21,289,4.837947186270539,-0.013145137921101835,5.666426688112432
123,2019-05-03,128.9,189,4.859036909945142,0.021089723674602823,5.241747015059643
124,2019-05-04,128.9,79,4.859036909945142,0.0,4.3694478524670215
125,2019-05-05,128.9,59,4.859036909945142,0.0,4.07753744390572
126,2019-05-06,128.15,192,4.85320145281008,-0.005835457135061617,5.2574953720277815
127,2019-05-07,125.52,225,4.832465108424777,-0.020736344385303696,5.41610040220442
128,2019-05-08,125.51,174,4.832385436672355,-7.967175242207247e-05,5.159055299214529
129,2019-05-09,125.5,175,4.832305758571839,-7.967810051567881e-05,5.1647859739235145
130,2019-05-10,127.13,141,4.845210184962031,0.012904426390192292,4.948759890378168
131,2019-05-11,127.13,68,4.845210184962031,0.0,4.219507705176107
132,2019-05-12,127.13,44,4.845210184962031,0.0,3.784189633918261
133,2019-05-13,123.35,227,4.815025842975365,-0.030184341986665864,5.424950017481403
134,2019-05-14,124.73,235,4.826151401137618,0.011125558162252247,5.459585514144159
135,2019-05-15,126.02,221,4.8364406245139095,0.0102892233762919,5.3981627015177525
136,2019-05-16,128.93,232,4.859269621422746,0.022828996908836885,5.44673737166631
137,2019-05-17,128.07,214,4.85257698943798,-0.006692631984765995,5.365976015021851
138,2019-05-18,128.07,68,4.85257698943798,0.0,4.219507705176107
139,2019-05-19,128.07,47,4.85257698943798,0.0,3.8501476017100584
140,2019-05-20,126.22,157,4.838026416156094,-0.014550573281886692,5.056245805348308
141,2019-05-21,126.9,158,4.843399374720342,0.005372958564247909,5.062595033026967
142,2019-05-22,127.67,163,4.84944880983226,0.006049435111918022,5.093750200806762
143,2019-05-23,126.18,163,4.837709458942664,-0.01173935088959599,5.093750200806762
144,2019-05-24,126.24,128,4.838184857097564,0.00047539815489994197,4.852030263919617
145,2019-05-25,126.24,56,4.838184857097564,0.0,4.02535169073515
146,2019-05-26,126.24,43,4.838184857097564,0.0,3.7612001156935624
147,2019-05-27,126.24,75,4.838184857097564,0.0,4.31748811353631
148,2019-05-28,126.16,165,4.837550942654783,-0.0006339144427807142,5.10594547390058
149,2019-05-29,124.94,153,4.827833622065424,-0.009717320589358813,5.030437921392435
150,2019-05-30,125.73,181,4.83413675060509,0.00630312853966597,5.198497031265826
151,2019-05-31,123.68,144,4.817697584839112,-0.016439165765977926,4.969813299576001
152,2019-06-01,123.68,59,4.817697584839112,0.0,4.07753744390572
153,2019-06-02,123.68,57,4.817697584839112,0.0,4.04305126783455
154,2019-06-03,119.84,242,4.786157519768909,-0.03154006507020313,5.488937726156687
155,2019-06-04,123.16,202,4.8134843230563,0.02732680328739079,5.308267697401205
156,2019-06-05,125.83,279,4.834931789603877,0.021447466547576788,5.631211781821365
157,2019-06-06,127.82,233,4.850623024222136,0.015691234618259386,5.4510384535657
158,2019-06-07,131.4,283,4.8782461060505105,0.027623081828374474,5.645446897643238
159,2019-06-08,131.4,109,4.8782461060505105,0.0,4.6913478822291435
160,2019-06-09,131.4,138,4.8782461060505105,0.0,4.927253685157205
161,2019-06-10,132.6,329,4.887337077751762,0.009090971701251505,5.796057750765372
162,2019-06-11,132.1,286,4.883559211528279,-0.00377786622348264,5.655991810819852
163,2019-06-12,131.49,213,4.878930803098828,-0.004628408429451447,5.3612921657094255
164,2019-06-13,132.32,189,4.885223231275381,0.0062924281765530665,5.241747015059643
165,2019-06-14,132.45,150,4.886205215718078,0.000981984442697481,5.0106352940962555
166,2019-06-15,132.45,55,4.886205215718078,0.0,4.007333185232471
167,2019-06-16,132.45,52,4.886205215718078,0.0,3.9512437185814275
168,2019-06-17,132.85,182,4.8892206722058225,0.0030154564877440393,5.204006687076795
169,2019-06-18,135.16,9,4.90645926184609,0.017238589640267143,2.1972245773362196
170,2019-06-19,135.69,237,4.910372872157861,0.00391361031177162,5.4680601411351315
171,2019-06-20,136.95,240,4.919615895709087,0.009243023551225527,5.480638923341991
172,2019-06-21,136.97,204,4.91976192374673,0.00014602803764329764,5.318119993844216
173,2019-06-22,136.97,85,4.91976192374673,0.0,4.442651256490317
174,2019-06-23,136.97,71,4.91976192374673,0.0,4.2626798770413155
175,2019-06-24,137.78,232,4.92565821016505,0.005896286418320074,5.44673737166631
176,2019-06-25,133.43,282,4.893576995754329,-0.03208121441072098,5.641907070938114
177,2019-06-26,133.93,188,4.897317275399031,0.003740279644701694,5.236441962829949
178,2019-06-27,134.15,159,4.8989585768716335,0.0016413014726026631,5.0689042022202315
179,2019-06-28,133.96,160,4.897541247926004,-0.0014173289456298477,5.075173815233827
180,2019-06-29,133.96,90,4.897541247926004,0.0,4.499809670330265
181,2019-06-30,133.96,79,4.897541247926004,0.0,4.3694478524670215
182,2019-07-01,135.68,158,4.910299172043593,0.012757924117589248,5.062595033026967
183,2019-07-02,136.58,159,4.916910523532943,0.0066113514893499925,5.0689042022202315
184,2019-07-03,137.46,176,4.923332965693459,0.0064224421605159066,5.170483995038151
185,2019-07-04,137.46,59,4.923332965693459,0.0,4.07753744390572
186,2019-07-05,137.06,104,4.920418786157677,-0.002914179535781436,4.6443908991413725
187,2019-07-06,137.06,53,4.920418786157677,0.0,3.970291913552122
188,2019-07-07,137.06,65,4.920418786157677,0.0,4.174387269895637
189,2019-07-08,136.96,146,4.919688912393432,-0.0007298737642456032,4.983606621708336
190,2019-07-09,136.46,207,4.9160315313872776,-0.0036573810061542034,5.332718793265369
191,2019-07-10,137.85,202,4.926166137469806,0.01013460608252803,5.308267697401205
192,2019-07-11,138.4,266,4.93014804318357,0.003981905713764,5.583496308781699
193,2019-07-12,138.9,226,4.933754249760298,0.00360620657672861,5.420534999272286
194,2019-07-13,138.9,101,4.933754249760298,0.0,4.61512051684126
195,2019-07-14,138.9,106,4.933754249760298,0.0,4.663439094112067
196,2019-07-15,138.9,215,4.933754249760298,0.0,5.3706380281276624
197,2019-07-16,137.08,46,4.920564697006408,-0.013189552753890332,3.828641396489095
198,2019-07-17,136.27,315,4.914638211761729,-0.005926485244678759,5.752572638825633
199,2019-07-18,136.42,803,4.915738362226573,0.0011001504648442406,6.688354713946762
200,2019-07-19,136.62,730,4.917203349303703,0.0014649870771297202,6.593044534142437
201,2019-07-20,136.62,99,4.917203349303703,0.0,4.59511985013459
202,2019-07-21,136.62,75,4.917203349303703,0.0,4.31748811353631
203,2019-07-22,138.43,288,4.930364782699644,0.01316143339594067,5.662960480135946
204,2019-07-23,139.29,279,4.93655809069994,0.0061933080002960494,5.631211781821365
205,2019-07-24,140.72,204,4.946772100429302,0.010214009729362594,5.318119993844216
206,2019-07-25,140.19,205,4.942998645380444,-0.0037734550488579544,5.3230099791384085
207,2019-07-26,141.34,183,4.951168335262708,0.008169689882263853,5.209486152841421
208,2019-07-27,141.34,73,4.951168335262708,0.0,4.290459441148391
209,2019-07-28,141.34,57,4.951168335262708,0.0,4.04305126783455
210,2019-07-29,141.03,213,4.948972633704149,-0.0021957015585591932,5.3612921657094255
211,2019-07-30,140.35,128,4.9441393028078915,-0.004833330896257593,4.852030263919617
212,2019-07-31,136.27,211,4.914638211761729,-0.029501091046162387,5.351858133476067
213,2019-08-01,138.06,278,4.92768837327533,0.0130501615136005,5.627621113690637
214,2019-08-02,136.9,158,4.919250732294404,-0.00843764098092592,5.062595033026967
215,2019-08-03,136.9,69,4.919250732294404,0.0,4.23410650459726
216,2019-08-04,136.9,51,4.919250732294404,0.0,3.9318256327243257
217,2019-08-05,132.21,201,4.884391567522005,-0.034859164772398366,5.303304908059076
218,2019-08-06,134.69,195,4.902975841610724,0.018584274088718544,5.272999558563747
219,2019-08-07,135.28,180,4.907346704590325,0.00437086297960132,5.19295685089021
220,2019-08-08,138.89,188,4.9336822529281275,0.026335548337802273,5.236441962829949
221,2019-08-09,137.71,133,4.925150024739034,-0.00853222818909316,4.890349128221754
222,2019-08-10,137.71,50,4.925150024739034,0.0,3.912023005428146
223,2019-08-11,137.71,56,4.925150024739034,0.0,4.02535169073515
224,2019-08-12,135.79,181,4.911109574710704,-0.014040450028330653,5.198497031265826
225,2019-08-13,138.6,176,4.931592086755803,0.0204825120450991,5.170483995038151
226,2019-08-14,133.98,170,4.897690535080121,-0.03390155167568132,5.135798437050262
227,2019-08-15,133.68,168,4.895448884287139,-0.0022416507929827745,5.123963979403259
228,2019-08-16,136.13,152,4.913610311524382,0.01816142723724301,5.0238805208462765
229,2019-08-17,136.13,59,4.913610311524382,0.0,4.07753744390572
230,2019-08-18,136.13,72,4.913610311524382,0.0,4.276666119016055
231,2019-08-19,138.41,246,4.930220294908611,0.016609983384229032,5.5053315359323625
232,2019-08-20,137.26,206,4.921876937480489,-0.008343357428121756,5.327876168789581
233,2019-08-21,138.79,170,4.932961999367748,0.011085061887259329,5.135798437050262
234,2019-08-22,137.78,154,4.92565821016505,-0.007303789202698141,5.0369526024136295
235,2019-08-23,133.39,176,4.893277168152952,-0.032381042012097794,5.170483995038151
236,2019-08-24,133.39,49,4.893277168152952,0.0,3.8918202981106265
237,2019-08-25,133.39,43,4.893277168152952,0.0,3.7612001156935624
238,2019-08-26,135.45,123,4.908602568531104,0.015325400378151777,4.812184355372417
239,2019-08-27,135.74,142,4.910741291275612,0.0021387227445082146,4.955827057601261
240,2019-08-28,135.56,146,4.909414346738851,-0.0013269445367614097,4.983606621708336
241,2019-08-29,138.12,173,4.928122872521792,0.01870852578294091,5.153291594497779
242,2019-08-30,137.86,171,4.926238677457506,-0.0018841950642860539,5.14166355650266
243,2019-08-31,137.86,43,4.926238677457506,0.0,3.7612001156935624
244,2019-09-01,137.86,33,4.926238677457506,0.0,3.4965075614664802
245,2019-09-02,137.86,60,4.926238677457506,0.0,4.0943445622221
246,2019-09-03,136.04,159,4.912948960138995,-0.013289717318510696,5.0689042022202315
247,2019-09-04,137.63,171,4.9245689249914415,0.01161996485244643,5.14166355650266
248,2019-09-05,140.05,176,4.941999501706118,0.01743057671467607,5.170483995038151
249,2019-09-06,139.1,198,4.935193098929397,-0.00680640277672051,5.288267030694535
250,2019-09-07,139.1,70,4.935193098929397,0.0,4.248495242049359
251,2019-09-08,139.1,54,4.935193098929397,0.0,3.9889840465642745
252,2019-09-09,137.52,167,4.923769361074594,-0.011423737854802773,5.117993812416755
253,2019-09-10,136.08,191,4.913242948087606,-0.010526412986988198,5.25227342804663
254,2019-09-11,136.12,193,4.913536849632705,0.0002939015450991178,5.262690188904886
255,2019-09-12,137.52,245,4.923769361074594,0.01023251144188908,5.501258210544727
256,2019-09-13,137.32,179,4.922313968589491,-0.0014553924851030686,5.187385805840755
257,2019-09-14,137.32,61,4.922313968589491,0.0,4.110873864173311
258,2019-09-15,137.32,48,4.922313968589491,0.0,3.871201010907891
259,2019-09-16,136.33,128,4.915078417198038,-0.007235551391453043,4.852030263919617
260,2019-09-17,137.39,138,4.9228235969358565,0.007745179737818297,4.927253685157205
261,2019-09-18,138.52,338,4.931014719534221,0.008191122598364409,5.823045895483019
262,2019-09-19,141.07,583,4.949256221086411,0.01824150155218973,6.368187186350492
263,2019-09-20,139.44,293,4.937634401211765,-0.01162181987464539,5.680172609017068
264,2019-09-21,139.44,54,4.937634401211765,0.0,3.9889840465642745
265,2019-09-22,139.44,61,4.937634401211765,0.0,4.110873864173311
266,2019-09-23,139.14,206,4.935480620495495,-0.0021537807162701483,5.327876168789581
267,2019-09-24,137.38,194,4.922750808785736,-0.012729811709759176,5.267858159063328
268,2019-09-25,139.36,165,4.937060513104193,0.014309704318456795,5.10594547390058
269,2019-09-26,139.54,156,4.9383512985110904,0.0012907854068977542,5.049856007249537
270,2019-09-27,137.73,184,4.92529524692924,-0.013056051581850525,5.214935757608986
271,2019-09-28,137.73,65,4.92529524692924,0.0,4.174387269895637
272,2019-09-29,137.73,56,4.92529524692924,0.0,4.02535169073515
273,2019-09-30,139.03,183,4.9346897371814515,0.009394490252211618,5.209486152841421
274,2019-10-01,137.07,222,4.920491744243289,-0.014197992938162152,5.402677381872279
275,2019-10-02,134.65,355,4.902678819257608,-0.0178129249856811,5.872117789475416
276,2019-10-03,136.28,245,4.914711592792766,0.012032773535157304,5.501258210544727
277,2019-10-04,138.12,245,4.928122872521792,0.013411279729026226,5.501258210544727
278,2019-10-05,138.12,68,4.928122872521792,0.0,4.219507705176107
279,2019-10-06,138.12,73,4.928122872521792,0.0,4.290459441148391
280,2019-10-07,137.12,179,4.92085645484947,-0.007266417672322056,5.187385805840755
281,2019-10-08,135.67,286,4.910225466497217,-0.010630988352252402,5.655991810819852
282,2019-10-09,138.24,190,4.928991305055746,0.018765838558528536,5.247024072160486
283,2019-10-10,139.1,174,4.935193098929397,0.006201793873651162,5.159055299214529
284,2019-10-11,139.68,199,4.939354092091292,0.004160993161894666,5.293304824724492
285,2019-10-12,139.68,59,4.939354092091292,0.0,4.07753744390572
286,2019-10-13,139.68,57,4.939354092091292,0.0,4.04305126783455
287,2019-10-14,139.55,138,4.938422959982331,-0.000931132108960675,4.927253685157205
288,2019-10-15,141.575,170,4.952829611999869,0.01440665201753788,5.135798437050262
289,2019-10-16,140.41,182,4.944566714126551,-0.008262897873318131,5.204006687076795
290,2019-10-17,139.69,243,4.9394256817394595,-0.005141032387091293,5.493061443340548
291,2019-10-18,137.41,301,4.922969157343683,-0.016456524395776384,5.707110264748875
292,2019-10-19,137.41,118,4.922969157343683,0.0,4.770684624465665
293,2019-10-20,137.41,74,4.922969157343683,0.0,4.30406509320417
294,2019-10-21,138.43,305,4.930364782699644,0.007395625355960611,5.720311776607412
295,2019-10-22,136.37,393,4.9153717798697425,-0.014993002829901236,5.973809611869261
296,2019-10-23,137.24,817,4.921731217990249,0.006359438120506766,6.705639094860003
297,2019-10-24,139.94,525,4.94121375931775,0.019482541327501046,6.263398262591624
298,2019-10-25,140.73,425,4.946843161008476,0.005629401690725899,6.052089168924417
299,2019-10-26,140.73,336,4.946843161008476,0.0,5.817111159963204
300,2019-10-27,140.73,133,4.946843161008476,0.0,4.890349128221754
301,2019-10-28,144.19,600,4.971131874318556,0.024288713310079757,6.396929655216146
302,2019-10-29,142.83,245,4.961655111874538,-0.009476762444018405,5.501258210544727
303,2019-10-30,144.61,173,4.974040463626701,0.012385351752163487,5.153291594497779
304,2019-10-31,143.37,151,4.965428701258176,-0.0086117623685249,5.017279836814924
305,2019-11-01,143.72,151,4.967866962245318,0.002438260987141838,5.017279836814924
306,2019-11-02,143.72,52,4.967866962245318,0.0,3.9512437185814275
307,2019-11-03,143.72,72,4.967866962245318,0.0,4.276666119016055
308,2019-11-04,144.55,210,4.973625468462355,0.005758506217037329,5.3471075307174685
309,2019-11-05,144.46,238,4.973002652622701,-0.0006228158396544003,5.472270673671475
310,2019-11-06,144.06,157,4.9702298794612165,-0.0027727731614843876,5.056245805348308
311,2019-11-07,144.26,177,4.971617227075527,0.0013873476143100305,5.176149732573829
312,2019-11-08,145.96,260,4.983332611568247,0.011715384492720027,5.560681631015528
313,2019-11-09,145.96,93,4.983332611568247,0.0,4.532599493153256
314,2019-11-10,145.96,84,4.983332611568247,0.0,4.430816798843313
315,2019-11-11,146.11,226,4.984359762683993,0.0010271511157462498,5.420534999272286
316,2019-11-12,147.07,290,4.990908663912222,0.006548901228229376,5.66988092298052
317,2019-11-13,147.31,216,4.992539209826847,0.0016305459146250811,5.375278407684165
318,2019-11-14,148.06,222,4.997617597014952,0.005078387188104827,5.402677381872279
319,2019-11-15,149.97,301,5.010435274093589,0.012817677078636791,5.707110264748875
320,2019-11-16,149.97,85,5.010435274093589,0.0,4.442651256490317
321,2019-11-17,149.97,100,5.010435274093589,0.0,4.605170185988092
322,2019-11-18,150.34,226,5.012899395749323,0.002464121655734175,5.420534999272286
323,2019-11-19,150.39,352,5.013231919943522,0.00033252419419849133,5.863631175598097
324,2019-11-20,149.62,245,5.008098746444259,-0.005133173499262789,5.501258210544727
325,2019-11-21,149.48,171,5.0071626046172835,-0.000936141826975323,5.14166355650266
326,2019-11-22,149.59,189,5.007898218386369,0.0007356137690859299,5.241747015059643
327,2019-11-23,149.59,103,5.007898218386369,0.0,4.634728988229636
328,2019-11-24,149.59,88,5.007898218386369,0.0,4.477336814478207
329,2019-11-25,151.23,203,5.018801856762649,0.010903638376279723,5.313205979041787
330,2019-11-26,152.03,204,5.024077869792745,0.0052760130300955055,5.318119993844216
331,2019-11-27,152.32,240,5.025983571043055,0.0019057012503100879,5.480638923341991
332,2019-11-28,152.32,81,5.025983571043055,0.0,4.394449154672439
333,2019-11-29,151.38,108,5.019793231881021,-0.006190339162033709,4.68213122712422
334,2019-11-30,151.38,52,5.019793231881021,0.0,3.9512437185814275
335,2019-12-01,151.38,76,5.019793231881021,0.0,4.330733340286331
336,2019-12-02,149.55,221,5.007630785075957,-0.012162446805064064,5.3981627015177525
337,2019-12-03,149.31,173,5.006024681538572,-0.0016061035373846622,5.153291594497779
338,2019-12-04,149.85,226,5.009634793762673,0.003610112224100348,5.420534999272286
339,2019-12-05,149.93,194,5.010168518506812,0.0005337247441392634,5.267858159063328
340,2019-12-06,151.75,214,5.022234429939608,0.012065911432795673,5.365976015021851
341,2019-12-07,151.75,77,5.022234429939608,0.0,4.343805421853684
342,2019-12-08,151.75,68,5.022234429939608,0.0,4.219507705176107
343,2019-12-09,151.36,238,5.019661105303568,-0.0025733246360397644,5.472270673671475
344,2019-12-10,151.13,158,5.018140393582029,-0.001520711721538781,5.062595033026967
345,2019-12-11,151.7,169,5.021904886354487,0.003764492772457828,5.1298987149230735
346,2019-12-12,153.24,226,5.032005319832448,0.010100433477961523,5.420534999272286
347,2019-12-13,154.53,239,5.040388252245603,0.008382932413154798,5.476463551931511
348,2019-12-14,154.53,79,5.040388252245603,0.0,4.3694478524670215
349,2019-12-15,154.53,60,5.040388252245603,0.0,4.0943445622221
350,2019-12-16,155.53,227,5.046838639056468,0.006450386810865183,5.424950017481403
351,2019-12-17,154.69,238,5.041423114248573,-0.005415524807895089,5.472270673671475
352,2019-12-18,154.37,207,5.03935231819375,-0.0020707960548236315,5.332718793265369
353,2019-12-19,155.71,203,5.047995302853334,0.00864298465958413,5.313205979041787
354,2019-12-20,157.41,252,5.05885386636673,0.010858563513396646,5.529429087511423
355,2019-12-21,157.41,64,5.05885386636673,0.0,4.1588830833596715
356,2019-12-22,157.41,72,5.05885386636673,0.0,4.276666119016055
357,2019-12-23,157.41,150,5.05885386636673,0.0,5.0106352940962555
358,2019-12-24,157.38,126,5.058663263106837,-0.00019060325989350702,4.836281906951478
359,2019-12-25,157.38,39,5.058663263106837,0.0,3.6635616461296463
360,2019-12-26,158.67,186,5.066826573745998,0.008163310639161203,5.225746673713202
361,2019-12-27,158.96,209,5.0686525982435615,0.0018260244975634166,5.342334251964811
362,2019-12-28,158.96,82,5.0686525982435615,0.0,4.406719247264253
363,2019-12-29,158.96,68,5.0686525982435615,0.0,4.219507705176107
364,2019-12-30,157.59,245,5.05999672363398,-0.008655874609581282,5.501258210544727
365,2019-12-31,157.7,218,5.060694493968993,0.0006977703350123932,5.384495062789089
